league_id,league_name,country,logo,season_start,season_end
43,National League,England,https://media.api-sports.io/football/leagues/43.png,,
1033,Ekstraliga Women,Poland,https://media.api-sports.io/football/leagues/1033.png,,
203,Süper Lig,Turkey,https://media.api-sports.io/football/leagues/203.png,,
51,National League - South,England,https://media.api-sports.io/football/leagues/51.png,,
50,National League - North,England,https://media.api-sports.io/football/leagues/50.png,,
680,Cup,Slovakia,https://media.api-sports.io/football/leagues/680.png,,
342,Premier League,Armenia,https://media.api-sports.io/football/leagues/342.png,,
865,Liga 3,Portugal,https://media.api-sports.io/football/leagues/865.png,,
343,First League,Armenia,https://media.api-sports.io/football/leagues/343.png,,
701,Liga Revelação U23,Portugal,https://media.api-sports.io/football/leagues/701.png,,
761,Cup,Liechtenstein,https://media.api-sports.io/football/leagues/761.png,,
12,CAF Champions League,World,https://media.api-sports.io/football/leagues/12.png,,
492,Tweede Divisie,Netherlands,https://media.api-sports.io/football/leagues/492.png,,
186,Ligue 1,Algeria,https://media.api-sports.io/football/leagues/186.png,,
854,WE League,Japan,https://media.api-sports.io/football/leagues/854.png,,
1025,Second League A - Fall Season Gold,Russia,https://media.api-sports.io/football/leagues/1025.png,,
1026,Second League A - Fall Season Silver,Russia,https://media.api-sports.io/football/leagues/1026.png,,
755,Oberliga - Nordost-Süd,Germany,https://media.api-sports.io/football/leagues/755.png,,
754,Oberliga - Nordost-Nord,Germany,https://media.api-sports.io/football/leagues/754.png,,
751,Oberliga - Niederrhein,Germany,https://media.api-sports.io/football/leagues/751.png,,
752,Oberliga - Rheinland-Pfalz / Saar,Germany,https://media.api-sports.io/football/leagues/752.png,,
753,Oberliga - Baden-Württemberg,Germany,https://media.api-sports.io/football/leagues/753.png,,
747,Oberliga - Westfalen,Germany,https://media.api-sports.io/football/leagues/747.png,,
85,Regionalliga - Nordost,Germany,https://media.api-sports.io/football/leagues/85.png,,
745,Oberliga - Hamburg,Germany,https://media.api-sports.io/football/leagues/745.png,,
86,Regionalliga - SudWest,Germany,https://media.api-sports.io/football/leagues/86.png,,
83,Regionalliga - Bayern,Germany,https://media.api-sports.io/football/leagues/83.png,,
938,Oberliga - Bayern Nord,Germany,https://media.api-sports.io/football/leagues/938.png,,
87,Regionalliga - West,Germany,https://media.api-sports.io/football/leagues/87.png,,
939,Oberliga - Bayern Süd,Germany,https://media.api-sports.io/football/leagues/939.png,,
744,Oberliga - Schleswig-Holstein,Germany,https://media.api-sports.io/football/leagues/744.png,,
20,CAF Confederation Cup,World,https://media.api-sports.io/football/leagues/20.png,,
484,Frauenliga,Austria,https://media.api-sports.io/football/leagues/484.png,,
1041,Júniores U19,Portugal,https://media.api-sports.io/football/leagues/1041.png,,
234,Liga Nacional,Honduras,https://media.api-sports.io/football/leagues/234.png,,
263,Liga de Expansión MX,Mexico,https://media.api-sports.io/football/leagues/263.png,,
924,Piala Presiden,Indonesia,https://media.api-sports.io/football/leagues/924.png,,
506,2. liga,Slovakia,https://media.api-sports.io/football/leagues/506.png,,
229,Landesliga - Steiermark,Austria,https://media.api-sports.io/football/leagues/229.png,,
645,3. liga - East,Slovakia,https://media.api-sports.io/football/leagues/645.png,,
715,DFB Junioren Pokal,Germany,https://media.api-sports.io/football/leagues/715.png,,
675,U21 Divisie 1,Netherlands,https://media.api-sports.io/football/leagues/675.png,,
948,1a Divisão - Women,Portugal,https://media.api-sports.io/football/leagues/948.png,,
533,CAF Super Cup,World,https://media.api-sports.io/football/leagues/533.png,,
644,3. liga - West,Slovakia,https://media.api-sports.io/football/leagues/644.png,,
232,Landesliga - Wien,Austria,https://media.api-sports.io/football/leagues/232.png,,
230,Landesliga - Tirol,Austria,https://media.api-sports.io/football/leagues/230.png,,
226,Landesliga - Niederosterreich,Austria,https://media.api-sports.io/football/leagues/226.png,,
225,Landesliga - Karnten,Austria,https://media.api-sports.io/football/leagues/225.png,,
224,Landesliga - Burgenland,Austria,https://media.api-sports.io/football/leagues/224.png,,
227,Landesliga - Oberosterreich,Austria,https://media.api-sports.io/football/leagues/227.png,,
231,Landesliga - Vorarlbergliga,Austria,https://media.api-sports.io/football/leagues/231.png,,
228,Landesliga - Salzburg,Austria,https://media.api-sports.io/football/leagues/228.png,,
748,Oberliga - Niedersachsen,Germany,https://media.api-sports.io/football/leagues/748.png,,
84,Regionalliga - Nord,Germany,https://media.api-sports.io/football/leagues/84.png,,
138,Serie C - Girone A,Italy,https://media.api-sports.io/football/leagues/138.png,,
943,Serie C - Girone C,Italy,https://media.api-sports.io/football/leagues/943.png,,
942,Serie C - Girone B,Italy,https://media.api-sports.io/football/leagues/942.png,,
419,Premyer Liqa,Azerbaijan,https://media.api-sports.io/football/leagues/419.png,,
197,Super League 1,Greece,https://media.api-sports.io/football/leagues/197.png,,
1128,Brasileiro U17,Brazil,https://media.api-sports.io/football/leagues/1128.png,,
273,Magyar Kupa,Hungary,https://media.api-sports.io/football/leagues/273.png,,
396,Primera Division,Nicaragua,https://media.api-sports.io/football/leagues/396.png,,
559,League Cup,Northern-Ireland,https://media.api-sports.io/football/leagues/559.png,,
82,Frauen Bundesliga,Germany,https://media.api-sports.io/football/leagues/82.png,,
139,Serie A Women,Italy,https://media.api-sports.io/football/leagues/139.png,,
64,Feminine Division 1,France,https://media.api-sports.io/football/leagues/64.png,,
313,2a Divisió,Andorra,https://media.api-sports.io/football/leagues/313.png,,
556,Super Cup,Spain,https://media.api-sports.io/football/leagues/556.png,,
750,Oberliga - Hessen,Germany,https://media.api-sports.io/football/leagues/750.png,,
284,Liga II,Romania,https://media.api-sports.io/football/leagues/284.png,,
676,Central Youth League,Poland,https://media.api-sports.io/football/leagues/676.png,,
410,C-League,Cambodia,https://media.api-sports.io/football/leagues/410.png,,
63,National 1,France,https://media.api-sports.io/football/leagues/63.png,,
307,Pro League,Saudi-Arabia,https://media.api-sports.io/football/leagues/307.png,,
91,Eredivisie Women,Netherlands,https://media.api-sports.io/football/leagues/91.png,,
297,Thai League 2,Thailand,https://media.api-sports.io/football/leagues/297.png,,
178,Third League - Southwest,Bulgaria,https://media.api-sports.io/football/leagues/178.png,,
177,Third League - Southeast,Bulgaria,https://media.api-sports.io/football/leagues/177.png,,
749,Oberliga - Bremen,Germany,https://media.api-sports.io/football/leagues/749.png,,
370,Primera Division,El-Salvador,https://media.api-sports.io/football/leagues/370.png,,
931,Non League Premier - Southern Central,England,https://media.api-sports.io/football/leagues/931.png,,
705,Campionato Primavera - 1,Italy,https://media.api-sports.io/football/leagues/705.png,,
699,Women's Championship,England,https://media.api-sports.io/football/leagues/699.png,,
44,FA WSL,England,https://media.api-sports.io/football/leagues/44.png,,
746,Oberliga - Mittelrhein,Germany,https://media.api-sports.io/football/leagues/746.png,,
67,National 2 - Group A,France,https://media.api-sports.io/football/leagues/67.png,,
68,National 2 - Group B,France,https://media.api-sports.io/football/leagues/68.png,,
69,National 2 - Group C,France,https://media.api-sports.io/football/leagues/69.png,,
932,Non League Div One - Northern East,England,https://media.api-sports.io/football/leagues/932.png,,
52,Non League Div One - Isthmian North,England,https://media.api-sports.io/football/leagues/52.png,,
58,Non League Premier - Isthmian,England,https://media.api-sports.io/football/leagues/58.png,,
59,Non League Premier - Northern,England,https://media.api-sports.io/football/leagues/59.png,,
60,Non League Premier - Southern South,England,https://media.api-sports.io/football/leagues/60.png,,
56,Non League Div One - Southern South,England,https://media.api-sports.io/football/leagues/56.png,,
53,Non League Div One - Isthmian South Central,England,https://media.api-sports.io/football/leagues/53.png,,
57,Non League Div One - Isthmian South East,England,https://media.api-sports.io/football/leagues/57.png,,
54,Non League Div One - Northern West,England,https://media.api-sports.io/football/leagues/54.png,,
55,Non League Div One - Northern Midlands,England,https://media.api-sports.io/football/leagues/55.png,,
933,Non League Div One - Southern Central,England,https://media.api-sports.io/football/leagues/933.png,,
958,Copa Costa Rica,Costa-Rica,https://media.api-sports.io/football/leagues/958.png,,
551,Super Cup,Turkey,https://media.api-sports.io/football/leagues/551.png,,
181,FA Cup,Scotland,https://media.api-sports.io/football/leagues/181.png,,
356,Second League,Montenegro,https://media.api-sports.io/football/leagues/356.png,,
204,1. Lig,Turkey,https://media.api-sports.io/football/leagues/204.png,,
1034,2. Frauen Bundesliga,Germany,https://media.api-sports.io/football/leagues/1034.png,,
457,Campeonato de Portugal Prio - Group A,Portugal,https://media.api-sports.io/football/leagues/457.png,,
458,Campeonato de Portugal Prio - Group B,Portugal,https://media.api-sports.io/football/leagues/458.png,,
459,Campeonato de Portugal Prio - Group C,Portugal,https://media.api-sports.io/football/leagues/459.png,,
460,Campeonato de Portugal Prio - Group D,Portugal,https://media.api-sports.io/football/leagues/460.png,,
1129,ASEAN Club Championship,World,https://media.api-sports.io/football/leagues/1129.png,,
316,1st League - FBiH,Bosnia,https://media.api-sports.io/football/leagues/316.png,,
290,Persian Gulf Pro League,Iran,https://media.api-sports.io/football/leagues/290.png,,
317,1st League - RS,Bosnia,https://media.api-sports.io/football/leagues/317.png,,
1023,NB III - Southeast,Hungary,https://media.api-sports.io/football/leagues/1023.png,,
436,Primera División RFEF - Group 2,Spain,https://media.api-sports.io/football/leagues/436.png,,
435,Primera División RFEF - Group 1,Spain,https://media.api-sports.io/football/leagues/435.png,,
875,Segunda División RFEF - Group 1,Spain,https://media.api-sports.io/football/leagues/875.png,,
879,Segunda División RFEF - Group 5,Spain,https://media.api-sports.io/football/leagues/879.png,,
878,Segunda División RFEF - Group 4,Spain,https://media.api-sports.io/football/leagues/878.png,,
877,Segunda División RFEF - Group 3,Spain,https://media.api-sports.io/football/leagues/877.png,,
876,Segunda División RFEF - Group 2,Spain,https://media.api-sports.io/football/leagues/876.png,,
387,League,Jordan,https://media.api-sports.io/football/leagues/387.png,,
1029,National 3 - Group G,France,https://media.api-sports.io/football/leagues/1029.png,,
488,U19 Bundesliga,Germany,https://media.api-sports.io/football/leagues/488.png,,
175,Third League - Northeast,Bulgaria,https://media.api-sports.io/football/leagues/175.png,,
461,National 3 - Group A,France,https://media.api-sports.io/football/leagues/461.png,,
462,National 3 - Group B,France,https://media.api-sports.io/football/leagues/462.png,,
463,National 3 - Group C,France,https://media.api-sports.io/football/leagues/463.png,,
466,National 3 - Group F,France,https://media.api-sports.io/football/leagues/466.png,,
468,National 3 - Group I,France,https://media.api-sports.io/football/leagues/468.png,,
467,National 3 - Group H,France,https://media.api-sports.io/football/leagues/467.png,,
464,National 3 - Group D,France,https://media.api-sports.io/football/leagues/464.png,,
465,National 3 - Group E,France,https://media.api-sports.io/football/leagues/465.png,,
469,National 3 - Group J,France,https://media.api-sports.io/football/leagues/469.png,,
509,8 Cup,South-Africa,https://media.api-sports.io/football/leagues/509.png,,
331,Division 1,Kuwait,https://media.api-sports.io/football/leagues/331.png,,
816,Shield Cup,Jordan,https://media.api-sports.io/football/leagues/816.png,,
319,2. Division,Cyprus,https://media.api-sports.io/football/leagues/319.png,,
274,Liga 1,Indonesia,https://media.api-sports.io/football/leagues/274.png,,
176,Third League - Northwest,Bulgaria,https://media.api-sports.io/football/leagues/176.png,,
153,Provincial - Antwerpen,Belgium,https://media.api-sports.io/football/leagues/153.png,,
161,Provincial - West-Vlaanderen,Belgium,https://media.api-sports.io/football/leagues/161.png,,
160,Provincial - Oost-Vlaanderen,Belgium,https://media.api-sports.io/football/leagues/160.png,,
159,Provincial - Namur,Belgium,https://media.api-sports.io/football/leagues/159.png,,
691,Provincial - Brabant ACFF,Belgium,https://media.api-sports.io/football/leagues/691.png,,
155,Provincial - Hainaut,Belgium,https://media.api-sports.io/football/leagues/155.png,,
157,Provincial - Limburg,Belgium,https://media.api-sports.io/football/leagues/157.png,,
158,Provincial - Luxembourg,Belgium,https://media.api-sports.io/football/leagues/158.png,,
154,Provincial - Brabant VFV,Belgium,https://media.api-sports.io/football/leagues/154.png,,
156,Provincial - Liege,Belgium,https://media.api-sports.io/football/leagues/156.png,,
335,Cup,Ukraine,https://media.api-sports.io/football/leagues/335.png,,
270,Primera División - Clausura,Uruguay,https://media.api-sports.io/football/leagues/270.png,,
441,Tercera División RFEF - Group 3,Spain,https://media.api-sports.io/football/leagues/441.png,,
442,Tercera División RFEF - Group 4,Spain,https://media.api-sports.io/football/leagues/442.png,,
443,Tercera División RFEF - Group 5,Spain,https://media.api-sports.io/football/leagues/443.png,,
446,Tercera División RFEF - Group 8,Spain,https://media.api-sports.io/football/leagues/446.png,,
449,Tercera División RFEF - Group 11,Spain,https://media.api-sports.io/football/leagues/449.png,,
455,Tercera División RFEF - Group 17,Spain,https://media.api-sports.io/football/leagues/455.png,,
967,Cup,Lebanon,https://media.api-sports.io/football/leagues/967.png,,
371,First League,Macedonia,https://media.api-sports.io/football/leagues/371.png,,
302,League Cup,United-Arab-Emirates,https://media.api-sports.io/football/leagues/302.png,,
706,Campionato Primavera - 2,Italy,https://media.api-sports.io/football/leagues/706.png,,
728,Liga 1 Feminin,Romania,https://media.api-sports.io/football/leagues/728.png,,
570,Premier League,Ghana,https://media.api-sports.io/football/leagues/570.png,,
336,Druha Liga,Ukraine,https://media.api-sports.io/football/leagues/336.png,,
405,National Soccer League,Rwanda,https://media.api-sports.io/football/leagues/405.png,,
406,Professional League,Oman,https://media.api-sports.io/football/leagues/406.png,,
1036,Copa Santa Catarina,Brazil,https://media.api-sports.io/football/leagues/1036.png,,
303,Division 1,United-Arab-Emirates,https://media.api-sports.io/football/leagues/303.png,,
440,Tercera División RFEF - Group 2,Spain,https://media.api-sports.io/football/leagues/440.png,,
1042,Super Cup,Gibraltar,https://media.api-sports.io/football/leagues/1042.png,,
885,Campeones Cup,World,https://media.api-sports.io/football/leagues/885.png,,
205,2. Lig,Turkey,https://media.api-sports.io/football/leagues/205.png,,
633,NB III - Northeast,Hungary,https://media.api-sports.io/football/leagues/633.png,,
635,NB III - Northwest,Hungary,https://media.api-sports.io/football/leagues/635.png,,
634,NB III - Southwest,Hungary,https://media.api-sports.io/football/leagues/634.png,,
334,Persha Liga,Ukraine,https://media.api-sports.io/football/leagues/334.png,,
664,Superliga,Kosovo,https://media.api-sports.io/football/leagues/664.png,,
710,Nacional B,Bolivia,https://media.api-sports.io/football/leagues/710.png,,
1037,Paraibano 2,Brazil,https://media.api-sports.io/football/leagues/1037.png,,
310,Superliga,Albania,https://media.api-sports.io/football/leagues/310.png,,
311,1st Division,Albania,https://media.api-sports.io/football/leagues/311.png,,
312,1a Divisió,Andorra,https://media.api-sports.io/football/leagues/312.png,,
702,Premier League 2 Division One,England,https://media.api-sports.io/football/leagues/702.png,,
696,U18 Premier League - South,England,https://media.api-sports.io/football/leagues/696.png,,
695,U18 Premier League - North,England,https://media.api-sports.io/football/leagues/695.png,,
416,Premier League,Belize,https://media.api-sports.io/football/leagues/416.png,,
552,3. Lig - Group 1,Turkey,https://media.api-sports.io/football/leagues/552.png,,
1027,3. Lig - Group 4,Turkey,https://media.api-sports.io/football/leagues/1027.png,,
553,3. Lig - Group 2,Turkey,https://media.api-sports.io/football/leagues/553.png,,
554,3. Lig - Group 3,Turkey,https://media.api-sports.io/football/leagues/554.png,,
188,A-League,Australia,https://media.api-sports.io/football/leagues/188.png,,
174,Cup,Bulgaria,https://media.api-sports.io/football/leagues/174.png,,
439,Tercera División RFEF - Group 1,Spain,https://media.api-sports.io/football/leagues/439.png,,
450,Tercera División RFEF - Group 12,Spain,https://media.api-sports.io/football/leagues/450.png,,
452,Tercera División RFEF - Group 14,Spain,https://media.api-sports.io/football/leagues/452.png,,
453,Tercera División RFEF - Group 15,Spain,https://media.api-sports.io/football/leagues/453.png,,
187,Ligue 2,Algeria,https://media.api-sports.io/football/leagues/187.png,,
572,Srpska Liga - Belgrade,Serbia,https://media.api-sports.io/football/leagues/572.png,,
575,Srpska Liga - West,Serbia,https://media.api-sports.io/football/leagues/575.png,,
574,Srpska Liga - East,Serbia,https://media.api-sports.io/football/leagues/574.png,,
573,Srpska Liga - Vojvodina,Serbia,https://media.api-sports.io/football/leagues/573.png,,
90,KNVB Beker,Netherlands,https://media.api-sports.io/football/leagues/90.png,,
96,Taça de Portugal,Portugal,https://media.api-sports.io/football/leagues/96.png,,
375,Cup,Slovenia,https://media.api-sports.io/football/leagues/375.png,,
703,Professional Development League,England,https://media.api-sports.io/football/leagues/703.png,,
518,Reserve Pro League,Belgium,https://media.api-sports.io/football/leagues/518.png,,
372,Second League,Macedonia,https://media.api-sports.io/football/leagues/372.png,,
392,Challenge League,Malta,https://media.api-sports.io/football/leagues/392.png,,
456,Tercera División RFEF - Group 18,Spain,https://media.api-sports.io/football/leagues/456.png,,
451,Tercera División RFEF - Group 13,Spain,https://media.api-sports.io/football/leagues/451.png,,
1130,USL Super League,USA,https://media.api-sports.io/football/leagues/1130.png,,
212,Cup,Croatia,https://media.api-sports.io/football/leagues/212.png,,
277,Super League,Kenya,https://media.api-sports.io/football/leagues/277.png,,
1044,Erste Liga Cup,Switzerland,https://media.api-sports.io/football/leagues/1044.png,,
454,Tercera División RFEF - Group 16,Spain,https://media.api-sports.io/football/leagues/454.png,,
930,Copa Uruguay,Uruguay,https://media.api-sports.io/football/leagues/930.png,,
892,Coppa Italia Serie D,Italy,https://media.api-sports.io/football/leagues/892.png,,
1131,Super Cup,Mongolia,https://media.api-sports.io/football/leagues/1131.png,,
567,Ligi kuu Bara,Tanzania,https://media.api-sports.io/football/leagues/567.png,,
445,Tercera División RFEF - Group 7,Spain,https://media.api-sports.io/football/leagues/445.png,,
1132,AFC Challenge League,World,https://media.api-sports.io/football/leagues/1132.png,,
709,Cup,Armenia,https://media.api-sports.io/football/leagues/709.png,,
721,Cup,Luxembourg,https://media.api-sports.io/football/leagues/721.png,,
320,3. Division,Cyprus,https://media.api-sports.io/football/leagues/320.png,,
217,Third NL - Zapad,Croatia,https://media.api-sports.io/football/leagues/217.png,,
215,Third NL - Sjever,Croatia,https://media.api-sports.io/football/leagues/215.png,,
213,Third NL - Istok,Croatia,https://media.api-sports.io/football/leagues/213.png,,
758,Premier Division,Gibraltar,https://media.api-sports.io/football/leagues/758.png,,
448,Tercera División RFEF - Group 10,Spain,https://media.api-sports.io/football/leagues/448.png,,
200,Botola Pro,Morocco,https://media.api-sports.io/football/leagues/200.png,,
1039,Premier League International Cup,World,https://media.api-sports.io/football/leagues/1039.png,,
566,Ligue A,Burundi,https://media.api-sports.io/football/leagues/566.png,,
202,Ligue 1,Tunisia,https://media.api-sports.io/football/leagues/202.png,,
380,Premier League,Hong-Kong,https://media.api-sports.io/football/leagues/380.png,,
92,Derde Divisie - Saturday,Netherlands,https://media.api-sports.io/football/leagues/92.png,,
386,Ligue 1,Ivory-Coast,https://media.api-sports.io/football/leagues/386.png,,
289,1st Division,South-Africa,https://media.api-sports.io/football/leagues/289.png,,
93,Derde Divisie - Sunday,Netherlands,https://media.api-sports.io/football/leagues/93.png,,
427,Serie D - Girone B,Italy,https://media.api-sports.io/football/leagues/427.png,,
426,Serie D - Girone A,Italy,https://media.api-sports.io/football/leagues/426.png,,
428,Serie D - Girone C,Italy,https://media.api-sports.io/football/leagues/428.png,,
432,Serie D - Girone G,Italy,https://media.api-sports.io/football/leagues/432.png,,
429,Serie D - Girone D,Italy,https://media.api-sports.io/football/leagues/429.png,,
430,Serie D - Girone E,Italy,https://media.api-sports.io/football/leagues/430.png,,
431,Serie D - Girone F,Italy,https://media.api-sports.io/football/leagues/431.png,,
433,Serie D - Girone H,Italy,https://media.api-sports.io/football/leagues/433.png,,
434,Serie D - Girone I,Italy,https://media.api-sports.io/football/leagues/434.png,,
1133,Goiano - 3,Brazil,https://media.api-sports.io/football/leagues/1133.png,,
142,Primera División Femenina,Spain,https://media.api-sports.io/football/leagues/142.png,,
585,Premier League,Uganda,https://media.api-sports.io/football/leagues/585.png,,
625,Carioca - 2,Brazil,https://media.api-sports.io/football/leagues/625.png,,
444,Tercera División RFEF - Group 6,Spain,https://media.api-sports.io/football/leagues/444.png,,
1052,Kakkonen - Play-offs,Finland,https://media.api-sports.io/football/leagues/1052.png,,
756,Cup,Macedonia,https://media.api-sports.io/football/leagues/756.png,,
647,Lao League,Laos,https://media.api-sports.io/football/leagues/647.png,,
404,Campionato,San-Marino,https://media.api-sports.io/football/leagues/404.png,,
384,State Cup,Israel,https://media.api-sports.io/football/leagues/384.png,,
214,Third NL - Jug,Croatia,https://media.api-sports.io/football/leagues/214.png,,
1134,Amazonense - 2,Brazil,https://media.api-sports.io/football/leagues/1134.png,,
898,League Cup,Thailand,https://media.api-sports.io/football/leagues/898.png,,
496,Liga Alef,Israel,https://media.api-sports.io/football/leagues/496.png,,
418,Birinci Dasta,Azerbaijan,https://media.api-sports.io/football/leagues/418.png,,
412,Premier League,Botswana,https://media.api-sports.io/football/leagues/412.png,,
729,Coppa Titano,San-Marino,https://media.api-sports.io/football/leagues/729.png,,
677,QSL Cup,Qatar,https://media.api-sports.io/football/leagues/677.png,,
762,Premier League,Mauritania,https://media.api-sports.io/football/leagues/762.png,,
291,Azadegan League,Iran,https://media.api-sports.io/football/leagues/291.png,,
363,Premier League,Ethiopia,https://media.api-sports.io/football/leagues/363.png,,
1135,Sergipano - 2,Brazil,https://media.api-sports.io/football/leagues/1135.png,,
1136,CONCACAF W Champions Cup,World,https://media.api-sports.io/football/leagues/1136.png,,
1137,Supercup der Frauen,Germany,https://media.api-sports.io/football/leagues/1137.png,,
1138,Paranaense - 3,Brazil,https://media.api-sports.io/football/leagues/1138.png,,
1139,Potiguar - U20,Brazil,https://media.api-sports.io/football/leagues/1139.png,,
323,Indian Super League,India,https://media.api-sports.io/football/leagues/323.png,,
791,Liga III - Serie 8,Romania,https://media.api-sports.io/football/leagues/791.png,,
790,Liga III - Serie 7,Romania,https://media.api-sports.io/football/leagues/790.png,,
787,Liga III - Serie 4,Romania,https://media.api-sports.io/football/leagues/787.png,,
792,Liga III - Serie 9,Romania,https://media.api-sports.io/football/leagues/792.png,,
784,Liga III - Serie 1,Romania,https://media.api-sports.io/football/leagues/784.png,,
793,Liga III - Serie 10,Romania,https://media.api-sports.io/football/leagues/793.png,,
785,Liga III - Serie 2,Romania,https://media.api-sports.io/football/leagues/785.png,,
789,Liga III - Serie 6,Romania,https://media.api-sports.io/football/leagues/789.png,,
788,Liga III - Serie 5,Romania,https://media.api-sports.io/football/leagues/788.png,,
786,Liga III - Serie 3,Romania,https://media.api-sports.io/football/leagues/786.png,,
871,Premier League Cup,England,https://media.api-sports.io/football/leagues/871.png,,
199,Cup,Greece,https://media.api-sports.io/football/leagues/199.png,,
576,Gamma Ethniki - Group 1,Greece,https://media.api-sports.io/football/leagues/576.png,,
577,Gamma Ethniki - Group 2,Greece,https://media.api-sports.io/football/leagues/577.png,,
578,Gamma Ethniki - Group 3,Greece,https://media.api-sports.io/football/leagues/578.png,,
579,Gamma Ethniki - Group 4,Greece,https://media.api-sports.io/football/leagues/579.png,,
734,Diski Challenge,South-Africa,https://media.api-sports.io/football/leagues/734.png,,
381,HKFA 1st Division,Hong-Kong,https://media.api-sports.io/football/leagues/381.png,,
216,Third NL - Sredite,Croatia,https://media.api-sports.io/football/leagues/216.png,,
1140,AFC Women's Champions League,World,https://media.api-sports.io/football/leagues/1140.png,,
863,Cup,Jordan,https://media.api-sports.io/football/leagues/863.png,,
306,Second Division,Qatar,https://media.api-sports.io/football/leagues/306.png,,
377,Division d'Honneur,Guadeloupe,https://media.api-sports.io/football/leagues/377.png,,
397,Girabola,Angola,https://media.api-sports.io/football/leagues/397.png,,
716,Senior Shield,Hong-Kong,https://media.api-sports.io/football/leagues/716.png,,
1141,Brasiliense B,Brazil,https://media.api-sports.io/football/leagues/1141.png,,
1142,Mineiro - 3,Brazil,https://media.api-sports.io/football/leagues/1142.png,,
1143,Estadual Junior U20,Brazil,https://media.api-sports.io/football/leagues/1143.png,,
1144,Super Cup,Ghana,https://media.api-sports.io/football/leagues/1144.png,,
809,Super Cup,Andorra,https://media.api-sports.io/football/leagues/809.png,,
872,Liga Premier Serie B,Mexico,https://media.api-sports.io/football/leagues/872.png,,
112,Welsh Cup,Wales,https://media.api-sports.io/football/leagues/112.png,,
722,Liga Premier Serie A,Mexico,https://media.api-sports.io/football/leagues/722.png,,
390,Premier League,Lebanon,https://media.api-sports.io/football/leagues/390.png,,
298,FA Cup,Thailand,https://media.api-sports.io/football/leagues/298.png,,
560,Presidents Cup,United-Arab-Emirates,https://media.api-sports.io/football/leagues/560.png,,
674,Cupa,Moldova,https://media.api-sports.io/football/leagues/674.png,,
206,Cup,Turkey,https://media.api-sports.io/football/leagues/206.png,,
732,Cup,Serbia,https://media.api-sports.io/football/leagues/732.png,,
447,Tercera División RFEF - Group 9,Spain,https://media.api-sports.io/football/leagues/447.png,,
14,UEFA Youth League,World,https://media.api-sports.io/football/leagues/14.png,,
697,WSL Cup,England,https://media.api-sports.io/football/leagues/697.png,,
425,Premier League,Syria,https://media.api-sports.io/football/leagues/425.png,,
1058,Supercopa Femenina,Spain,https://media.api-sports.io/football/leagues/1058.png,,
1168,FIFA Intercontinental Cup,World,https://media.api-sports.io/football/leagues/1168.png,,
275,Liga 2,Indonesia,https://media.api-sports.io/football/leagues/275.png,,
288,Premier Soccer League,South-Africa,https://media.api-sports.io/football/leagues/288.png,,
1145,Paraense B1,Brazil,https://media.api-sports.io/football/leagues/1145.png,,
1146,Alagoano - 2,Brazil,https://media.api-sports.io/football/leagues/1146.png,,
276,FKF Premier League,Kenya,https://media.api-sports.io/football/leagues/276.png,,
417,Premier League,Bahrain,https://media.api-sports.io/football/leagues/417.png,,
617,Copa do Brasil U20,Brazil,https://media.api-sports.io/football/leagues/617.png,,
494,Super League 2,Greece,https://media.api-sports.io/football/leagues/494.png,,
847,Premier League,Eswatini,https://media.api-sports.io/football/leagues/847.png,,
322,Premier League,Jamaica,https://media.api-sports.io/football/leagues/322.png,,
771,COSAFA U20 Championship,World,https://media.api-sports.io/football/leagues/771.png,,
190,A-League Women,Australia,https://media.api-sports.io/football/leagues/190.png,,
512,2nd Division - Group A,Albania,https://media.api-sports.io/football/leagues/512.png,,
513,2nd Division - Group B,Albania,https://media.api-sports.io/football/leagues/513.png,,
1038,King's Cup,World,https://media.api-sports.io/football/leagues/1038.png,,
321,Cup,Cyprus,https://media.api-sports.io/football/leagues/321.png,,
735,Copa Federacion,Spain,https://media.api-sports.io/football/leagues/735.png,,
415,Championnat National,Benin,https://media.api-sports.io/football/leagues/415.png,,
955,National League - National,New-Zealand,https://media.api-sports.io/football/leagues/955.png,,
143,Copa del Rey,Spain,https://media.api-sports.io/football/leagues/143.png,,
1148,Maranhense - 2,Brazil,https://media.api-sports.io/football/leagues/1148.png,,
757,Irish Cup,Northern-Ireland,https://media.api-sports.io/football/leagues/757.png,,
949,CONMEBOL Libertadores Femenina,World,https://media.api-sports.io/football/leagues/949.png,,
201,Botola 2,Morocco,https://media.api-sports.io/football/leagues/201.png,,
515,U21 League 1,Algeria,https://media.api-sports.io/football/leagues/515.png,,
542,Iraqi League,Iraq,https://media.api-sports.io/football/leagues/542.png,,
962,Premier League,Lesotho,https://media.api-sports.io/football/leagues/962.png,,
403,Ligue 1,Senegal,https://media.api-sports.io/football/leagues/403.png,,
828,Ligue 2,Tunisia,https://media.api-sports.io/football/leagues/828.png,,
707,Cup,Albania,https://media.api-sports.io/football/leagues/707.png,,
1149,Potiguar - 2,Brazil,https://media.api-sports.io/football/leagues/1149.png,,
1150,Gaúcho - 3,Brazil,https://media.api-sports.io/football/leagues/1150.png,,
1151,Pernambucano - 3,Brazil,https://media.api-sports.io/football/leagues/1151.png,,
1152,U19 Divisie 1,Netherlands,https://media.api-sports.io/football/leagues/1152.png,,
1153,AFC U20 Asian Cup - Qualification,World,https://media.api-sports.io/football/leagues/1153.png,,
1154,Catarinense - 3,Brazil,https://media.api-sports.io/football/leagues/1154.png,,
741,Brasileiro de Aspirantes,Brazil,https://media.api-sports.io/football/leagues/741.png,,
421,Division di Honor,Aruba,https://media.api-sports.io/football/leagues/421.png,,
414,Premier League,Bermuda,https://media.api-sports.io/football/leagues/414.png,,
698,FA Women's Cup,England,https://media.api-sports.io/football/leagues/698.png,,
1155,Carioca B2,Brazil,https://media.api-sports.io/football/leagues/1155.png,,
887,Second League,Egypt,https://media.api-sports.io/football/leagues/887.png,,
423,Ligue 1,Burkina-Faso,https://media.api-sports.io/football/leagues/423.png,,
420,Cup,Azerbaijan,https://media.api-sports.io/football/leagues/420.png,,
760,LFA First Division,Liberia,https://media.api-sports.io/football/leagues/760.png,,
1156,National League Cup,England,https://media.api-sports.io/football/leagues/1156.png,,
547,Super Cup,Italy,https://media.api-sports.io/football/leagues/547.png,,
1157,Paraense U20,Brazil,https://media.api-sports.io/football/leagues/1157.png,,
1158,Copa Gaúcha,Brazil,https://media.api-sports.io/football/leagues/1158.png,,
1159,CECAFA U20 Championship,World,https://media.api-sports.io/football/leagues/1159.png,,
726,Sultan Cup,Oman,https://media.api-sports.io/football/leagues/726.png,,
968,Championnat D1,Gabon,https://media.api-sports.io/football/leagues/968.png,,
503,Copa Perú,Peru,https://media.api-sports.io/football/leagues/503.png,,
1160,Sapling Cup,Hong-Kong,https://media.api-sports.io/football/leagues/1160.png,,
508,League Cup,South-Africa,https://media.api-sports.io/football/leagues/508.png,,
1048,Premier Division,Antigua-And-Barbuda,https://media.api-sports.io/football/leagues/1048.png,,
314,Cup,Bosnia,https://media.api-sports.io/football/leagues/314.png,,
233,Premier League,Egypt,https://media.api-sports.io/football/leagues/233.png,,
1161,AFC U17 Asian Cup - Qualification,World,https://media.api-sports.io/football/leagues/1161.png,,
1162,AGCFF Gulf Champions League,World,https://media.api-sports.io/football/leagues/1162.png,,
1053,Division 2 - Play-offs,Sweden,https://media.api-sports.io/football/leagues/1053.png,,
324,I-League,India,https://media.api-sports.io/football/leagues/324.png,,
1054,2. Division - Play-offs,Norway,https://media.api-sports.io/football/leagues/1054.png,,
1163,African Nations Championship - Qualification,World,https://media.api-sports.io/football/leagues/1163.png,,
723,Cup,Montenegro,https://media.api-sports.io/football/leagues/723.png,,
66,Coupe de France,France,https://media.api-sports.io/football/leagues/66.png,,
1050,Super Cup,Malta,https://media.api-sports.io/football/leagues/1050.png,,
495,Hazfi Cup,Iran,https://media.api-sports.io/football/leagues/495.png,,
25,Gulf Cup of Nations,World,https://media.api-sports.io/football/leagues/25.png,,
516,Super Cup,Algeria,https://media.api-sports.io/football/leagues/516.png,,
499,Malaysia Cup,Malaysia,https://media.api-sports.io/football/leagues/499.png,,
598,Première Division,Mali,https://media.api-sports.io/football/leagues/598.png,,
325,Santosh Trophy,India,https://media.api-sports.io/football/leagues/325.png,,
1164,CAF Women's Champions League,World,https://media.api-sports.io/football/leagues/1164.png,,
1165,Copa Fares Lopes,Brazil,https://media.api-sports.io/football/leagues/1165.png,,
966,Cup,Ghana,https://media.api-sports.io/football/leagues/966.png,,
821,FA Trophy,Malta,https://media.api-sports.io/football/leagues/821.png,,
896,Super Cup,United-Arab-Emirates,https://media.api-sports.io/football/leagues/896.png,,
763,Mauritian League,Mauritius,https://media.api-sports.io/football/leagues/763.png,,
1068,FA Youth Cup,England,https://media.api-sports.io/football/leagues/1068.png,,
846,Somali Premier League,Somalia,https://media.api-sports.io/football/leagues/846.png,,
656,Super Cup,Bulgaria,https://media.api-sports.io/football/leagues/656.png,,
1055,Ettan - Relegation Round,Sweden,https://media.api-sports.io/football/leagues/1055.png,,
1121,Second League A - Promotion Play-offs,Russia,https://media.api-sports.io/football/leagues/1121.png,,
1056,National League - Championship - Final,New-Zealand,https://media.api-sports.io/football/leagues/1056.png,,
1166,Super Cup,Cameroon,https://media.api-sports.io/football/leagues/1166.png,,
546,FAI President's Cup,Ireland,https://media.api-sports.io/football/leagues/546.png,,
811,Federation Cup,Bangladesh,https://media.api-sports.io/football/leagues/811.png,,
507,Cup,South-Africa,https://media.api-sports.io/football/leagues/507.png,,
655,Copa Constitució,Andorra,https://media.api-sports.io/football/leagues/655.png,,
845,GFA League,Gambia,https://media.api-sports.io/football/leagues/845.png,,
895,League Cup,Egypt,https://media.api-sports.io/football/leagues/895.png,,
665,Cup,Kosovo,https://media.api-sports.io/football/leagues/665.png,,
708,Super Cup,Albania,https://media.api-sports.io/football/leagues/708.png,,
905,Super Cup,Iran,https://media.api-sports.io/football/leagues/905.png,,
1167,Recopa,Costa-Rica,https://media.api-sports.io/football/leagues/1167.png,,
1084,Championnat National,Togo,https://media.api-sports.io/football/leagues/1084.png,,
961,Supercopa,Paraguay,https://media.api-sports.io/football/leagues/961.png,,
584,Premier League,Libya,https://media.api-sports.io/football/leagues/584.png,,
378,Ligue 1,Guinea,https://media.api-sports.io/football/leagues/378.png,,
714,Cup,Egypt,https://media.api-sports.io/football/leagues/714.png,,
32,World Cup - Qualification Europe,World,https://media.api-sports.io/football/leagues/32.png,,
514,Coupe Nationale,Algeria,https://media.api-sports.io/football/leagues/514.png,,
926,Copa America Femenina,World,https://media.api-sports.io/football/leagues/926.png,,
1170,MFL Cup,Malaysia,https://media.api-sports.io/football/leagues/1170.png,,
944,Super Cup,Oman,https://media.api-sports.io/football/leagues/944.png,,
959,Cup,Singapore,https://media.api-sports.io/football/leagues/959.png,,
853,Supercopa de Ecuador,Ecuador,https://media.api-sports.io/football/leagues/853.png,,
838,Super Cup,Jordan,https://media.api-sports.io/football/leagues/838.png,,
719,Super Cup,Kuwait,https://media.api-sports.io/football/leagues/719.png,,
568,Eerste Divisie,Suriname,https://media.api-sports.io/football/leagues/568.png,,
511,Cup,Tunisia,https://media.api-sports.io/football/leagues/511.png,,
1049,King's Cup,Bahrain,https://media.api-sports.io/football/leagues/1049.png,,
422,Premier League,Barbados,https://media.api-sports.io/football/leagues/422.png,,
654,Super Cup,Armenia,https://media.api-sports.io/football/leagues/654.png,,
1171,Coppa Italia Women,Italy,https://media.api-sports.io/football/leagues/1171.png,,
844,Ligue 1,Congo,https://media.api-sports.io/football/leagues/844.png,,
822,Cup,Morocco,https://media.api-sports.io/football/leagues/822.png,,
1173,Challenge Cup,Malta,https://media.api-sports.io/football/leagues/1173.png,,
1174,Hun Sen Cup,Cambodia,https://media.api-sports.io/football/leagues/1174.png,,
1064,Second League A - Spring Season Silver,Russia,https://media.api-sports.io/football/leagues/1064.png,,
1061,Second League A - Spring Season Gold,Russia,https://media.api-sports.io/football/leagues/1061.png,,
882,Olympics Women - Qualification Asia,World,https://media.api-sports.io/football/leagues/882.png,,
1001,CONCACAF Women U20,World,https://media.api-sports.io/football/leagues/1001.png,,
952,AFC U23 Asian Cup - Qualification,World,https://media.api-sports.io/football/leagues/952.png,,
886,UEFA U17 Championship - Qualification,World,https://media.api-sports.io/football/leagues/886.png,,
893,UEFA U19 Championship - Qualification,World,https://media.api-sports.io/football/leagues/893.png,,
504,King's Cup,Saudi-Arabia,https://media.api-sports.io/football/leagues/504.png,,
565,Liga Primera U20,Nicaragua,https://media.api-sports.io/football/leagues/565.png,,
764,Premier League,Mongolia,https://media.api-sports.io/football/leagues/764.png,,
831,Super Cup,Vietnam,https://media.api-sports.io/football/leagues/831.png,,
411,Elite One,Cameroon,https://media.api-sports.io/football/leagues/411.png,,
340,V.League 1,Vietnam,https://media.api-sports.io/football/leagues/340.png,,
637,V.League 2,Vietnam,https://media.api-sports.io/football/leagues/637.png,,
341,Cup,Vietnam,https://media.api-sports.io/football/leagues/341.png,,
399,NPFL,Nigeria,https://media.api-sports.io/football/leagues/399.png,,
912,CONCACAF Women U17,World,https://media.api-sports.io/football/leagues/912.png,,
813,Elite Two,Cameroon,https://media.api-sports.io/football/leagues/813.png,,
544,FA Cup,Hong-Kong,https://media.api-sports.io/football/leagues/544.png,,
1046,CONCACAF Gold Cup - Qualification - Women,World,https://media.api-sports.io/football/leagues/1046.png,,
1047,Olympics Women - Qualification CAF,World,https://media.api-sports.io/football/leagues/1047.png,,
612,Copa do Nordeste,Brazil,https://media.api-sports.io/football/leagues/612.png,,
609,Cearense - 1,Brazil,https://media.api-sports.io/football/leagues/609.png,,
489,USL League One,USA,https://media.api-sports.io/football/leagues/489.png,,
591,Pro League,Trinidad-And-Tobago,https://media.api-sports.io/football/leagues/591.png,,
621,Piauiense,Brazil,https://media.api-sports.io/football/leagues/621.png,,
814,Reykjavik Cup,Iceland,https://media.api-sports.io/football/leagues/814.png,,
606,Paranaense - 1,Brazil,https://media.api-sports.io/football/leagues/606.png,,
539,Super Cup,Egypt,https://media.api-sports.io/football/leagues/539.png,,
194,South Australia NPL,Australia,https://media.api-sports.io/football/leagues/194.png,,
834,South Australia State League 1,Australia,https://media.api-sports.io/football/leagues/834.png,,
532,AFC U23 Asian Cup,World,https://media.api-sports.io/football/leagues/532.png,,
624,Carioca - 1,Brazil,https://media.api-sports.io/football/leagues/624.png,,
628,Goiano - 1,Brazil,https://media.api-sports.io/football/leagues/628.png,,
195,Victoria NPL,Australia,https://media.api-sports.io/football/leagues/195.png,,
608,Maranhense,Brazil,https://media.api-sports.io/football/leagues/608.png,,
602,Baiano - 1,Brazil,https://media.api-sports.io/football/leagues/602.png,,
477,Gaúcho - 1,Brazil,https://media.api-sports.io/football/leagues/477.png,,
4,Euro Championship,World,https://media.api-sports.io/football/leagues/4.png,,
541,CONMEBOL Recopa,World,https://media.api-sports.io/football/leagues/541.png,,
604,Catarinense - 1,Brazil,https://media.api-sports.io/football/leagues/604.png,,
610,Brasiliense,Brazil,https://media.api-sports.io/football/leagues/610.png,,
168,League Cup,Iceland,https://media.api-sports.io/football/leagues/168.png,,
626,Sergipano,Brazil,https://media.api-sports.io/football/leagues/626.png,,
476,Paulista - A2,Brazil,https://media.api-sports.io/football/leagues/476.png,,
611,Capixaba,Brazil,https://media.api-sports.io/football/leagues/611.png,,
252,Division Profesional - Clausura,Paraguay,https://media.api-sports.io/football/leagues/252.png,,
250,Division Profesional - Apertura,Paraguay,https://media.api-sports.io/football/leagues/250.png,,
603,Paraibano,Brazil,https://media.api-sports.io/football/leagues/603.png,,
632,Supercopa do Brasil,Brazil,https://media.api-sports.io/football/leagues/632.png,,
620,Cearense - 2,Brazil,https://media.api-sports.io/football/leagues/620.png,,
9,Copa America,World,https://media.api-sports.io/football/leagues/9.png,,
77,Alagoano,Brazil,https://media.api-sports.io/football/leagues/77.png,,
475,Paulista - A1,Brazil,https://media.api-sports.io/football/leagues/475.png,,
836,Victoria NPL 2,Australia,https://media.api-sports.io/football/leagues/836.png,,
630,Matogrossense,Brazil,https://media.api-sports.io/football/leagues/630.png,,
548,Super Cup,Japan,https://media.api-sports.io/football/leagues/548.png,,
616,Potiguar,Brazil,https://media.api-sports.io/football/leagues/616.png,,
900,Tipsport Malta Cup,World,https://media.api-sports.io/football/leagues/900.png,,
522,Amazonense,Brazil,https://media.api-sports.io/football/leagues/522.png,,
631,Tocantinense,Brazil,https://media.api-sports.io/football/leagues/631.png,,
623,Sul-Matogrossense,Brazil,https://media.api-sports.io/football/leagues/623.png,,
622,Pernambucano - 1,Brazil,https://media.api-sports.io/football/leagues/622.png,,
629,Mineiro - 1,Brazil,https://media.api-sports.io/football/leagues/629.png,,
901,Ykköscup,Finland,https://media.api-sports.io/football/leagues/901.png,,
618,São Paulo Youth Cup,Brazil,https://media.api-sports.io/football/leagues/618.png,,
605,Paulista - A3,Brazil,https://media.api-sports.io/football/leagues/605.png,,
481,Northern NSW NPL,Australia,https://media.api-sports.io/football/leagues/481.png,,
521,Amapaense,Brazil,https://media.api-sports.io/football/leagues/521.png,,
16,CONCACAF Champions League,World,https://media.api-sports.io/football/leagues/16.png,,
192,New South Wales NPL,Australia,https://media.api-sports.io/football/leagues/192.png,,
835,New South Wales NPL 2,Australia,https://media.api-sports.io/football/leagues/835.png,,
517,Trofeo de Campeones de la Superliga,Argentina,https://media.api-sports.io/football/leagues/517.png,,
13,CONMEBOL Libertadores,World,https://media.api-sports.io/football/leagues/13.png,,
358,First Division,Ireland,https://media.api-sports.io/football/leagues/358.png,,
255,USL Championship,USA,https://media.api-sports.io/football/leagues/255.png,,
11,CONMEBOL Sudamericana,World,https://media.api-sports.io/football/leagues/11.png,,
398,Premier League,Bangladesh,https://media.api-sports.io/football/leagues/398.png,,
253,Major League Soccer,USA,https://media.api-sports.io/football/leagues/253.png,,
545,AIFF Super Cup,India,https://media.api-sports.io/football/leagues/545.png,,
130,Copa Argentina,Argentina,https://media.api-sports.io/football/leagues/130.png,,
615,Rondoniense,Brazil,https://media.api-sports.io/football/leagues/615.png,,
725,Toppserien,Norway,https://media.api-sports.io/football/leagues/725.png,,
104,1. Division,Norway,https://media.api-sports.io/football/leagues/104.png,,
639,Super Cup,Iceland,https://media.api-sports.io/football/leagues/639.png,,
164,Úrvalsdeild,Iceland,https://media.api-sports.io/football/leagues/164.png,,
671,Úrvalsdeild Women,Iceland,https://media.api-sports.io/football/leagues/671.png,,
915,1. Division Women,Norway,https://media.api-sports.io/football/leagues/915.png,,
736,Elitettan,Sweden,https://media.api-sports.io/football/leagues/736.png,,
165,1. Deild,Iceland,https://media.api-sports.io/football/leagues/165.png,,
166,2. Deild,Iceland,https://media.api-sports.io/football/leagues/166.png,,
899,League Cup,Finland,https://media.api-sports.io/football/leagues/899.png,,
239,Primera A,Colombia,https://media.api-sports.io/football/leagues/239.png,,
240,Primera B,Colombia,https://media.api-sports.io/football/leagues/240.png,,
98,J1 League,Japan,https://media.api-sports.io/football/leagues/98.png,,
99,J2 League,Japan,https://media.api-sports.io/football/leagues/99.png,,
100,J3 League,Japan,https://media.api-sports.io/football/leagues/100.png,,
189,Capital Territory NPL,Australia,https://media.api-sports.io/football/leagues/189.png,,
779,3. Division - Girone 6,Norway,https://media.api-sports.io/football/leagues/779.png,,
778,3. Division - Girone 5,Norway,https://media.api-sports.io/football/leagues/778.png,,
777,3. Division - Girone 4,Norway,https://media.api-sports.io/football/leagues/777.png,,
776,3. Division - Girone 3,Norway,https://media.api-sports.io/football/leagues/776.png,,
775,3. Division - Girone 2,Norway,https://media.api-sports.io/football/leagues/775.png,,
774,3. Division - Girone 1,Norway,https://media.api-sports.io/football/leagues/774.png,,
627,Paraense,Brazil,https://media.api-sports.io/football/leagues/627.png,,
666,Friendlies Women,World,https://media.api-sports.io/football/leagues/666.png,,
10,Friendlies,World,https://media.api-sports.io/football/leagues/10.png,,
1051,HKPL Cup,Hong-Kong,https://media.api-sports.io/football/leagues/1051.png,,
129,Primera Nacional,Argentina,https://media.api-sports.io/football/leagues/129.png,,
131,Primera B Metropolitana,Argentina,https://media.api-sports.io/football/leagues/131.png,,
132,Primera C,Argentina,https://media.api-sports.io/football/leagues/132.png,,
520,Acreano,Brazil,https://media.api-sports.io/football/leagues/520.png,,
667,Friendlies Clubs,World,https://media.api-sports.io/football/leagues/667.png,,
972,Super Cup,China,https://media.api-sports.io/football/leagues/972.png,,
720,Emir Cup,Kuwait,https://media.api-sports.io/football/leagues/720.png,,
281,Primera División,Peru,https://media.api-sports.io/football/leagues/281.png,,
843,Copa Verde,Brazil,https://media.api-sports.io/football/leagues/843.png,,
299,Primera División,Venezuela,https://media.api-sports.io/football/leagues/299.png,,
1032,Copa de la Liga Profesional,Argentina,https://media.api-sports.io/football/leagues/1032.png,,
128,Liga Profesional Argentina,Argentina,https://media.api-sports.io/football/leagues/128.png,,
713,Superliga,Colombia,https://media.api-sports.io/football/leagues/713.png,,
717,I-League - 2nd Division,India,https://media.api-sports.io/football/leagues/717.png,,
823,Nasjonal U19 Champions League,Norway,https://media.api-sports.io/football/leagues/823.png,,
837,Rock Cup,Gibraltar,https://media.api-sports.io/football/leagues/837.png,,
1057,CONCACAF Gold Cup - Women,World,https://media.api-sports.io/football/leagues/1057.png,,
497,Japan Football League,Japan,https://media.api-sports.io/football/leagues/497.png,,
304,Liga Panameña de Fútbol,Panama,https://media.api-sports.io/football/leagues/304.png,,
1059,Recopa Catarinense,Brazil,https://media.api-sports.io/football/leagues/1059.png,,
641,NWSL Women - Challenge Cup,USA,https://media.api-sports.io/football/leagues/641.png,,
833,Queensland Premier League,Australia,https://media.api-sports.io/football/leagues/833.png,,
903,The Atlantic Cup,World,https://media.api-sports.io/football/leagues/903.png,,
842,Super Copa,Uruguay,https://media.api-sports.io/football/leagues/842.png,,
27,OFC Champions League,World,https://media.api-sports.io/football/leagues/27.png,,
265,Primera División,Chile,https://media.api-sports.io/football/leagues/265.png,,
482,Queensland NPL,Australia,https://media.api-sports.io/football/leagues/482.png,,
839,Super Cup,Lithuania,https://media.api-sports.io/football/leagues/839.png,,
191,Brisbane Premier League,Australia,https://media.api-sports.io/football/leagues/191.png,,
648,Tasmania NPL,Australia,https://media.api-sports.io/football/leagues/648.png,,
904,SheBelieves Cup,World,https://media.api-sports.io/football/leagues/904.png,,
479,Canadian Premier League,Canada,https://media.api-sports.io/football/leagues/479.png,,
1060,CONMEBOL - Pre-Olympic Tournament,World,https://media.api-sports.io/football/leagues/1060.png,,
344,Primera División,Bolivia,https://media.api-sports.io/football/leagues/344.png,,
293,K League 2,South-Korea,https://media.api-sports.io/football/leagues/293.png,,
292,K League 1,South-Korea,https://media.api-sports.io/football/leagues/292.png,,
327,Erovnuli Liga,Georgia,https://media.api-sports.io/football/leagues/327.png,,
329,Meistriliiga,Estonia,https://media.api-sports.io/football/leagues/329.png,,
328,Esiliiga A,Estonia,https://media.api-sports.io/football/leagues/328.png,,
101,J-League Cup,Japan,https://media.api-sports.io/football/leagues/101.png,,
326,Erovnuli Liga 2,Georgia,https://media.api-sports.io/football/leagues/326.png,,
114,Superettan,Sweden,https://media.api-sports.io/football/leagues/114.png,,
113,Allsvenskan,Sweden,https://media.api-sports.io/football/leagues/113.png,,
103,Eliteserien,Norway,https://media.api-sports.io/football/leagues/103.png,,
244,Veikkausliiga,Finland,https://media.api-sports.io/football/leagues/244.png,,
549,Damallsvenskan,Sweden,https://media.api-sports.io/football/leagues/549.png,,
819,Super Cup,Kosovo,https://media.api-sports.io/football/leagues/819.png,,
597,Division 2 - Östra Götaland,Sweden,https://media.api-sports.io/football/leagues/597.png,,
593,Division 2 - Norra Svealand,Sweden,https://media.api-sports.io/football/leagues/593.png,,
596,Division 2 - Västra Götaland,Sweden,https://media.api-sports.io/football/leagues/596.png,,
594,Division 2 - Norrland,Sweden,https://media.api-sports.io/football/leagues/594.png,,
592,Division 2 - Norra Götaland,Sweden,https://media.api-sports.io/football/leagues/592.png,,
595,Division 2 - Södra Svealand,Sweden,https://media.api-sports.io/football/leagues/595.png,,
357,Premier Division,Ireland,https://media.api-sports.io/football/leagues/357.png,,
242,Liga Pro,Ecuador,https://media.api-sports.io/football/leagues/242.png,,
906,Reserve League,Argentina,https://media.api-sports.io/football/leagues/906.png,,
712,Liga Femenina,Colombia,https://media.api-sports.io/football/leagues/712.png,,
367,Meistaradeildin,Faroe-Islands,https://media.api-sports.io/football/leagues/367.png,,
640,Kansallinen Liiga,Finland,https://media.api-sports.io/football/leagues/640.png,,
527,Super Cup,Chile,https://media.api-sports.io/football/leagues/527.png,,
254,NWSL Women,USA,https://media.api-sports.io/football/leagues/254.png,,
266,Primera B,Chile,https://media.api-sports.io/football/leagues/266.png,,
245,Ykkönen,Finland,https://media.api-sports.io/football/leagues/245.png,,
1062,Paulista - A4,Brazil,https://media.api-sports.io/football/leagues/1062.png,,
376,National Football League,Fiji,https://media.api-sports.io/football/leagues/376.png,,
167,Cup,Iceland,https://media.api-sports.io/football/leagues/167.png,,
73,Copa Do Brasil,Brazil,https://media.api-sports.io/football/leagues/73.png,,
1063,Copa Alagoas,Brazil,https://media.api-sports.io/football/leagues/1063.png,,
907,Primera Division,Cuba,https://media.api-sports.io/football/leagues/907.png,,
241,Copa Colombia,Colombia,https://media.api-sports.io/football/leagues/241.png,,
238,Youth Championship,Russia,https://media.api-sports.io/football/leagues/238.png,,
759,Liga Mayor,Dominican-Republic,https://media.api-sports.io/football/leagues/759.png,,
806,OFC Nations Cup,World,https://media.api-sports.io/football/leagues/806.png,,
812,Super Cup,Belarus,https://media.api-sports.io/football/leagues/812.png,,
268,Primera División - Apertura,Uruguay,https://media.api-sports.io/football/leagues/268.png,,
246,Suomen Cup,Finland,https://media.api-sports.io/football/leagues/246.png,,
711,Segunda División,Chile,https://media.api-sports.io/football/leagues/711.png,,
910,Youth Viareggio Cup,World,https://media.api-sports.io/football/leagues/910.png,,
5,UEFA Nations League,World,https://media.api-sports.io/football/leagues/5.png,,
169,Super League,China,https://media.api-sports.io/football/leagues/169.png,,
366,1. Deild,Faroe-Islands,https://media.api-sports.io/football/leagues/366.png,,
969,Primeira Divisão,Macao,https://media.api-sports.io/football/leagues/969.png,,
849,Baltic Cup,World,https://media.api-sports.io/football/leagues/849.png,,
909,MLS Next Pro,USA,https://media.api-sports.io/football/leagues/909.png,,
818,Super Cup,Kazakhstan,https://media.api-sports.io/football/leagues/818.png,,
401,Premier Soccer League,Zimbabwe,https://media.api-sports.io/football/leagues/401.png,,
540,CONMEBOL Libertadores U20,World,https://media.api-sports.io/football/leagues/540.png,,
249,Kakkonen - Lohko C,Finland,https://media.api-sports.io/football/leagues/249.png,,
247,Kakkonen - Lohko A,Finland,https://media.api-sports.io/football/leagues/247.png,,
248,Kakkonen - Lohko B,Finland,https://media.api-sports.io/football/leagues/248.png,,
389,Premier League,Kazakhstan,https://media.api-sports.io/football/leagues/389.png,,
1066,CONCACAF U20 - Qualification,World,https://media.api-sports.io/football/leagues/1066.png,,
294,FA Cup,South-Korea,https://media.api-sports.io/football/leagues/294.png,,
1067,Torneo Promocional Amateur,Argentina,https://media.api-sports.io/football/leagues/1067.png,,
256,USL League Two,USA,https://media.api-sports.io/football/leagues/256.png,,
171,FA Cup,China,https://media.api-sports.io/football/leagues/171.png,,
259,Canadian Championship,Canada,https://media.api-sports.io/football/leagues/259.png,,
562,Reserve League,Belarus,https://media.api-sports.io/football/leagues/562.png,,
251,Division Intermedia,Paraguay,https://media.api-sports.io/football/leagues/251.png,,
660,WK-League,South-Korea,https://media.api-sports.io/football/leagues/660.png,,
369,Super League,Uzbekistan,https://media.api-sports.io/football/leagues/369.png,,
810,Super Copa,Argentina,https://media.api-sports.io/football/leagues/810.png,,
361,1 Lyga,Lithuania,https://media.api-sports.io/football/leagues/361.png,,
365,Virsliga,Latvia,https://media.api-sports.io/football/leagues/365.png,,
116,Premier League,Belarus,https://media.api-sports.io/football/leagues/116.png,,
74,Brasileiro Women,Brazil,https://media.api-sports.io/football/leagues/74.png,,
607,Roraimense,Brazil,https://media.api-sports.io/football/leagues/607.png,,
362,A Lyga,Lithuania,https://media.api-sports.io/football/leagues/362.png,,
295,K3 League,South-Korea,https://media.api-sports.io/football/leagues/295.png,,
196,Western Australia NPL,Australia,https://media.api-sports.io/football/leagues/196.png,,
1069,Goiano U20,Brazil,https://media.api-sports.io/football/leagues/1069.png,,
636,Ýokary Liga,Turkmenistan,https://media.api-sports.io/football/leagues/636.png,,
71,Serie A,Brazil,https://media.api-sports.io/football/leagues/71.png,,
1070,AFC U20 Asian Cup - Women,World,https://media.api-sports.io/football/leagues/1070.png,,
170,League One,China,https://media.api-sports.io/football/leagues/170.png,,
243,Liga Pro Serie B,Ecuador,https://media.api-sports.io/football/leagues/243.png,,
957,National League - Southern,New-Zealand,https://media.api-sports.io/football/leagues/957.png,,
954,National League - Central,New-Zealand,https://media.api-sports.io/football/leagues/954.png,,
956,National League - Northern,New-Zealand,https://media.api-sports.io/football/leagues/956.png,,
826,Super Cup,Saudi-Arabia,https://media.api-sports.io/football/leagues/826.png,,
649,Supreme Division Women,Russia,https://media.api-sports.io/football/leagues/649.png,,
257,US Open Cup,USA,https://media.api-sports.io/football/leagues/257.png,,
523,NISA,USA,https://media.api-sports.io/football/leagues/523.png,,
1071,Paranaense U20,Brazil,https://media.api-sports.io/football/leagues/1071.png,,
866,MLS All-Star,USA,https://media.api-sports.io/football/leagues/866.png,,
269,Segunda División,Uruguay,https://media.api-sports.io/football/leagues/269.png,,
619,Mineiro - 2,Brazil,https://media.api-sports.io/football/leagues/619.png,,
936,Catarinense - 2,Brazil,https://media.api-sports.io/football/leagues/936.png,,
571,Vysshaya Liga,Tajikistan,https://media.api-sports.io/football/leagues/571.png,,
72,Serie B,Brazil,https://media.api-sports.io/football/leagues/72.png,,
498,Cup,Kazakhstan,https://media.api-sports.io/football/leagues/498.png,,
379,Ligue Haïtienne,Haiti,https://media.api-sports.io/football/leagues/379.png,,
75,Serie C,Brazil,https://media.api-sports.io/football/leagues/75.png,,
134,Torneo Federal A,Argentina,https://media.api-sports.io/football/leagues/134.png,,
300,Segunda División,Venezuela,https://media.api-sports.io/football/leagues/300.png,,
1013,All-Island Cup - Women,World,https://media.api-sports.io/football/leagues/1013.png,,
851,Carioca A2,Brazil,https://media.api-sports.io/football/leagues/851.png,,
364,1. Liga,Latvia,https://media.api-sports.io/football/leagues/364.png,,
193,Northern Territory Premier League,Australia,https://media.api-sports.io/football/leagues/193.png,,
117,1. Division,Belarus,https://media.api-sports.io/football/leagues/117.png,,
1073,Baiano U20,Brazil,https://media.api-sports.io/football/leagues/1073.png,,
76,Serie D,Brazil,https://media.api-sports.io/football/leagues/76.png,,
772,Leagues Cup,World,https://media.api-sports.io/football/leagues/772.png,,
929,League Two,China,https://media.api-sports.io/football/leagues/929.png,,
478,Gaúcho - 2,Brazil,https://media.api-sports.io/football/leagues/478.png,,
1030,Goiano - 2,Brazil,https://media.api-sports.io/football/leagues/1030.png,,
614,Paranaense - 2,Brazil,https://media.api-sports.io/football/leagues/614.png,,
1075,Pro League A,Uzbekistan,https://media.api-sports.io/football/leagues/1075.png,,
282,Segunda División,Peru,https://media.api-sports.io/football/leagues/282.png,,
480,Olympics Men,World,https://media.api-sports.io/football/leagues/480.png,,
524,Olympics Women,World,https://media.api-sports.io/football/leagues/524.png,,
651,Second League - Group 1,Russia,https://media.api-sports.io/football/leagues/651.png,,
652,Second League - Group 2,Russia,https://media.api-sports.io/football/leagues/652.png,,
650,Second League - Group 3,Russia,https://media.api-sports.io/football/leagues/650.png,,
653,Second League - Group 4,Russia,https://media.api-sports.io/football/leagues/653.png,,
1076,Catarinense U20,Brazil,https://media.api-sports.io/football/leagues/1076.png,,
1077,WAFF Championship U23,World,https://media.api-sports.io/football/leagues/1077.png,,
1081,CONMEBOL - U17 Femenino,World,https://media.api-sports.io/football/leagues/1081.png,,
569,Premier League,Kyrgyzstan,https://media.api-sports.io/football/leagues/569.png,,
765,PFL,Philippines,https://media.api-sports.io/football/leagues/765.png,,
1082,Copa Rio U20,Brazil,https://media.api-sports.io/football/leagues/1082.png,,
589,Taiwan Football Premier League,Chinese-Taipei,https://media.api-sports.io/football/leagues/589.png,,
740,CBF Brasileiro U20,Brazil,https://media.api-sports.io/football/leagues/740.png,,
802,Cup,Uzbekistan,https://media.api-sports.io/football/leagues/802.png,,
563,Ettan - Norra,Sweden,https://media.api-sports.io/football/leagues/563.png,,
564,Ettan - Södra,Sweden,https://media.api-sports.io/football/leagues/564.png,,
473,2. Division - Group 1,Norway,https://media.api-sports.io/football/leagues/473.png,,
474,2. Division - Group 2,Norway,https://media.api-sports.io/football/leagues/474.png,,
388,1. Division,Kazakhstan,https://media.api-sports.io/football/leagues/388.png,,
105,NM Cupen,Norway,https://media.api-sports.io/football/leagues/105.png,,
923,League 1 Ontario,Canada,https://media.api-sports.io/football/leagues/923.png,,
391,Super League,Malawi,https://media.api-sports.io/football/leagues/391.png,,
260,Pacific Coast Soccer League,Canada,https://media.api-sports.io/football/leagues/260.png,,
491,Løgmanssteypid,Faroe-Islands,https://media.api-sports.io/football/leagues/491.png,,
890,U20 Elite League,World,https://media.api-sports.io/football/leagues/890.png,,
921,UEFA U17 Championship,World,https://media.api-sports.io/football/leagues/921.png,,
118,2. Division,Belarus,https://media.api-sports.io/football/leagues/118.png,,
278,Super League,Malaysia,https://media.api-sports.io/football/leagues/278.png,,
661,Cup,Lithuania,https://media.api-sports.io/football/leagues/661.png,,
1085,CONMEBOL U20 Femenino,World,https://media.api-sports.io/football/leagues/1085.png,,
1086,Paulista - U20,Brazil,https://media.api-sports.io/football/leagues/1086.png,,
1087,Ykkösliiga,Finland,https://media.api-sports.io/football/leagues/1087.png,,
1088,Pernambucano - U20,Brazil,https://media.api-sports.io/football/leagues/1088.png,,
1089,UAE-Qatar - Super Shield,World,https://media.api-sports.io/football/leagues/1089.png,,
1090,NNSW League 1,Australia,https://media.api-sports.io/football/leagues/1090.png,,
1091,Tasmania Northern Championship,Australia,https://media.api-sports.io/football/leagues/1091.png,,
1092,Capital Territory NPL 2,Australia,https://media.api-sports.io/football/leagues/1092.png,,
1093,Tasmania Southern Championship,Australia,https://media.api-sports.io/football/leagues/1093.png,,
1094,Western Australia State League 1,Australia,https://media.api-sports.io/football/leagues/1094.png,,
368,Premier League,Singapore,https://media.api-sports.io/football/leagues/368.png,,
359,FAI Cup,Ireland,https://media.api-sports.io/football/leagues/359.png,,
914,Tournoi Maurice Revello,World,https://media.api-sports.io/football/leagues/914.png,,
493,UEFA U19 Championship,World,https://media.api-sports.io/football/leagues/493.png,,
658,Cup,Latvia,https://media.api-sports.io/football/leagues/658.png,,
267,Copa Chile,Chile,https://media.api-sports.io/football/leagues/267.png,,
1080,Premier Division,Grenada,https://media.api-sports.io/football/leagues/1080.png,,
824,Emir Cup,Qatar,https://media.api-sports.io/football/leagues/824.png,,
1095,USL League One Cup,USA,https://media.api-sports.io/football/leagues/1095.png,,
1096,Matogrossense 2,Brazil,https://media.api-sports.io/football/leagues/1096.png,,
1097,Copa Espírito Santo,Brazil,https://media.api-sports.io/football/leagues/1097.png,,
1098,Paulista Série B,Brazil,https://media.api-sports.io/football/leagues/1098.png,,
613,Baiano - 2,Brazil,https://media.api-sports.io/football/leagues/613.png,,
840,Taça Revelação U23,Portugal,https://media.api-sports.io/football/leagues/840.png,,
672,David Kipiani Cup,Georgia,https://media.api-sports.io/football/leagues/672.png,,
918,UEFA U19 Championship - Women,World,https://media.api-sports.io/football/leagues/918.png,,
1031,Premier League,Bhutan,https://media.api-sports.io/football/leagues/1031.png,,
742,Copa Paulista,Brazil,https://media.api-sports.io/football/leagues/742.png,,
1100,Brasiliense U20,Brazil,https://media.api-sports.io/football/leagues/1100.png,,
1101,AFC U17 Asian Cup - Women,World,https://media.api-sports.io/football/leagues/1101.png,,
1102,UEFA U17 Championship - Women,World,https://media.api-sports.io/football/leagues/1102.png,,
258,Canadian Soccer League,Canada,https://media.api-sports.io/football/leagues/258.png,,
1103,Premiership Women,Northern-Ireland,https://media.api-sports.io/football/leagues/1103.png,,
1104,Liga 3,Georgia,https://media.api-sports.io/football/leagues/1104.png,,
1105,Olympics - Intercontinental Play-offs,World,https://media.api-sports.io/football/leagues/1105.png,,
1106,Carioca C,Brazil,https://media.api-sports.io/football/leagues/1106.png,,
1107,Mineiro U20,Brazil,https://media.api-sports.io/football/leagues/1107.png,,
35,Asian Cup - Qualification,World,https://media.api-sports.io/football/leagues/35.png,,
115,Svenska Cupen,Sweden,https://media.api-sports.io/football/leagues/115.png,,
102,Emperor Cup,Japan,https://media.api-sports.io/football/leagues/102.png,,
1035,Copa Rio,Brazil,https://media.api-sports.io/football/leagues/1035.png,,
500,FA Cup,Malaysia,https://media.api-sports.io/football/leagues/500.png,,
1108,Sergipano U20,Brazil,https://media.api-sports.io/football/leagues/1108.png,,
555,Supercupa,Romania,https://media.api-sports.io/football/leagues/555.png,,
24,AFF Championship,World,https://media.api-sports.io/football/leagues/24.png,,
536,CONCACAF Nations League,World,https://media.api-sports.io/football/leagues/536.png,,
486,Coppa,Belarus,https://media.api-sports.io/football/leagues/486.png,,
657,Cup,Estonia,https://media.api-sports.io/football/leagues/657.png,,
1110,Alagoano U20,Brazil,https://media.api-sports.io/football/leagues/1110.png,,
864,Supercopa,Costa-Rica,https://media.api-sports.io/football/leagues/864.png,,
550,Super Cup,Portugal,https://media.api-sports.io/football/leagues/550.png,,
1112,Cearense U20,Brazil,https://media.api-sports.io/football/leagues/1112.png,,
531,UEFA Super Cup,World,https://media.api-sports.io/football/leagues/531.png,,
185,League Cup,Scotland,https://media.api-sports.io/football/leagues/185.png,,
928,AFF U19 Championship,World,https://media.api-sports.io/football/leagues/928.png,,
81,DFB Pokal,Germany,https://media.api-sports.io/football/leagues/81.png,,
210,HNL,Croatia,https://media.api-sports.io/football/leagues/210.png,,
339,Liga Nacional,Guatemala,https://media.api-sports.io/football/leagues/339.png,,
529,Super Cup,Germany,https://media.api-sports.io/football/leagues/529.png,,
106,Ekstraklasa,Poland,https://media.api-sports.io/football/leagues/106.png,,
108,Cup,Poland,https://media.api-sports.io/football/leagues/108.png,,
400,Super League,Zambia,https://media.api-sports.io/football/leagues/400.png,,
1113,Copa Venezuela,Venezuela,https://media.api-sports.io/football/leagues/1113.png,,
1114,Carioca U20,Brazil,https://media.api-sports.io/football/leagues/1114.png,,
1115,Paraense B2,Brazil,https://media.api-sports.io/football/leagues/1115.png,,
1116,WPSL,USA,https://media.api-sports.io/football/leagues/1116.png,,
1117,USL W League,USA,https://media.api-sports.io/football/leagues/1117.png,,
1118,NPSL,USA,https://media.api-sports.io/football/leagues/1118.png,,
1119,NWSL - Liga MXF Summer Cup,USA,https://media.api-sports.io/football/leagues/1119.png,,
920,World Cup - U20 - Women,World,https://media.api-sports.io/football/leagues/920.png,,
119,Superliga,Denmark,https://media.api-sports.io/football/leagues/119.png,,
530,Super Cup,Georgia,https://media.api-sports.io/football/leagues/530.png,,
262,Liga MX,Mexico,https://media.api-sports.io/football/leagues/262.png,,
287,Prva Liga,Serbia,https://media.api-sports.io/football/leagues/287.png,,
145,Challenger Pro League,Belgium,https://media.api-sports.io/football/leagues/145.png,,
146,Super League Women,Belgium,https://media.api-sports.io/football/leagues/146.png,,
1120,Paraibano U20,Brazil,https://media.api-sports.io/football/leagues/1120.png,,
534,CONCACAF Caribbean Club Shield,World,https://media.api-sports.io/football/leagues/534.png,,
107,I Liga,Poland,https://media.api-sports.io/football/leagues/107.png,,
1122,OFC U19 Championship,World,https://media.api-sports.io/football/leagues/1122.png,,
1123,Qatar-UAE Super Cup,World,https://media.api-sports.io/football/leagues/1123.png,,
673,Liga MX Femenil,Mexico,https://media.api-sports.io/football/leagues/673.png,,
663,Super Cup,Russia,https://media.api-sports.io/football/leagues/663.png,,
173,Second League,Bulgaria,https://media.api-sports.io/football/leagues/173.png,,
874,Australia Cup,Australia,https://media.api-sports.io/football/leagues/874.png,,
1028,Concacaf Central American Cup,World,https://media.api-sports.io/football/leagues/1028.png,,
39,Premier League,England,https://media.api-sports.io/football/leagues/39.png,,
2,UEFA Champions League,World,https://media.api-sports.io/football/leagues/2.png,,
848,UEFA Europa Conference League,World,https://media.api-sports.io/football/leagues/848.png,,
3,UEFA Europa League,World,https://media.api-sports.io/football/leagues/3.png,,
140,La Liga,Spain,https://media.api-sports.io/football/leagues/140.png,,
856,CONCACAF Caribbean Club Championship,World,https://media.api-sports.io/football/leagues/856.png,,
884,Super Cup,San-Marino,https://media.api-sports.io/football/leagues/884.png,,
220,Cup,Austria,https://media.api-sports.io/football/leagues/220.png,,
120,1. Division,Denmark,https://media.api-sports.io/football/leagues/120.png,,
208,Challenge League,Switzerland,https://media.api-sports.io/football/leagues/208.png,,
859,COSAFA Cup,World,https://media.api-sports.io/football/leagues/859.png,,
738,League Cup,Wales,https://media.api-sports.io/football/leagues/738.png,,
940,COTIF Tournament,World,https://media.api-sports.io/football/leagues/940.png,,
332,Super Liga,Slovakia,https://media.api-sports.io/football/leagues/332.png,,
89,Eerste Divisie,Netherlands,https://media.api-sports.io/football/leagues/89.png,,
727,Super Cup,Poland,https://media.api-sports.io/football/leagues/727.png,,
345,Czech Liga,Czech-Republic,https://media.api-sports.io/football/leagues/345.png,,
97,Taça da Liga,Portugal,https://media.api-sports.io/football/leagues/97.png,,
162,Primera División,Costa-Rica,https://media.api-sports.io/football/leagues/162.png,,
733,I Liga - Women,Slovakia,https://media.api-sports.io/football/leagues/733.png,,
737,Svenska Cupen - Women,Sweden,https://media.api-sports.io/football/leagues/737.png,,
111,FAW Championship,Wales,https://media.api-sports.io/football/leagues/111.png,,
271,NB I,Hungary,https://media.api-sports.io/football/leagues/271.png,,
237,Cup,Russia,https://media.api-sports.io/football/leagues/237.png,,
109,II Liga - East,Poland,https://media.api-sports.io/football/leagues/109.png,,
1019,Charity Shield,Northern-Ireland,https://media.api-sports.io/football/leagues/1019.png,,
588,National League,Myanmar,https://media.api-sports.io/football/leagues/588.png,,
346,FNL,Czech-Republic,https://media.api-sports.io/football/leagues/346.png,,
110,Premier League,Wales,https://media.api-sports.io/football/leagues/110.png,,
62,Ligue 2,France,https://media.api-sports.io/football/leagues/62.png,,
1124,Cearense - 3,Brazil,https://media.api-sports.io/football/leagues/1124.png,,
235,Premier League,Russia,https://media.api-sports.io/football/leagues/235.png,,
144,Jupiler Pro League,Belgium,https://media.api-sports.io/football/leagues/144.png,,
88,Eredivisie,Netherlands,https://media.api-sports.io/football/leagues/88.png,,
61,Ligue 1,France,https://media.api-sports.io/football/leagues/61.png,,
950,World Cup - U17 - Women,World,https://media.api-sports.io/football/leagues/950.png,,
1020,Calcutta Premier Division,India,https://media.api-sports.io/football/leagues/1020.png,,
659,Super Cup,Israel,https://media.api-sports.io/football/leagues/659.png,,
172,First League,Bulgaria,https://media.api-sports.io/football/leagues/172.png,,
286,Super Liga,Serbia,https://media.api-sports.io/football/leagues/286.png,,
385,Toto Cup Ligat Al,Israel,https://media.api-sports.io/football/leagues/385.png,,
207,Super League,Switzerland,https://media.api-sports.io/football/leagues/207.png,,
394,Super Liga,Moldova,https://media.api-sports.io/football/leagues/394.png,,
383,Ligat Ha'al,Israel,https://media.api-sports.io/football/leagues/383.png,,
17,AFC Champions League,World,https://media.api-sports.io/football/leagues/17.png,,
1017,U23 League,Mexico,https://media.api-sports.io/football/leagues/1017.png,,
937,Emirates Cup,World,https://media.api-sports.io/football/leagues/937.png,,
424,Ligue 1,Congo-DR,https://media.api-sports.io/football/leagues/424.png,,
862,3. Division,Denmark,https://media.api-sports.io/football/leagues/862.png,,
669,1. Liga Women,Czech-Republic,https://media.api-sports.io/football/leagues/669.png,,
122,2nd Division - Group 1,Denmark,https://media.api-sports.io/football/leagues/122.png,,
501,Copa Paraguay,Paraguay,https://media.api-sports.io/football/leagues/501.png,,
40,Championship,England,https://media.api-sports.io/football/leagues/40.png,,
41,League One,England,https://media.api-sports.io/football/leagues/41.png,,
42,League Two,England,https://media.api-sports.io/football/leagues/42.png,,
141,Segunda División,Spain,https://media.api-sports.io/football/leagues/141.png,,
218,Bundesliga,Austria,https://media.api-sports.io/football/leagues/218.png,,
48,League Cup,England,https://media.api-sports.io/football/leagues/48.png,,
561,Premier Intermediate League,Northern-Ireland,https://media.api-sports.io/football/leagues/561.png,,
46,EFL Trophy,England,https://media.api-sports.io/football/leagues/46.png,,
395,Liga 1,Moldova,https://media.api-sports.io/football/leagues/395.png,,
296,Thai League 1,Thailand,https://media.api-sports.io/football/leagues/296.png,,
374,2. SNL,Slovenia,https://media.api-sports.io/football/leagues/374.png,,
1125,Pernambucano - 2,Brazil,https://media.api-sports.io/football/leagues/1125.png,,
857,Campeón de Campeones,Mexico,https://media.api-sports.io/football/leagues/857.png,,
219,2. Liga,Austria,https://media.api-sports.io/football/leagues/219.png,,
947,DFB Pokal - Women,Germany,https://media.api-sports.io/football/leagues/947.png,,
179,Premiership,Scotland,https://media.api-sports.io/football/leagues/179.png,,
283,Liga I,Romania,https://media.api-sports.io/football/leagues/283.png,,
373,1. SNL,Slovenia,https://media.api-sports.io/football/leagues/373.png,,
355,First League,Montenegro,https://media.api-sports.io/football/leagues/355.png,,
333,Premier League,Ukraine,https://media.api-sports.io/football/leagues/333.png,,
183,League One,Scotland,https://media.api-sports.io/football/leagues/183.png,,
180,Championship,Scotland,https://media.api-sports.io/football/leagues/180.png,,
184,League Two,Scotland,https://media.api-sports.io/football/leagues/184.png,,
330,Premier League,Kuwait,https://media.api-sports.io/football/leagues/330.png,,
407,Championship,Northern-Ireland,https://media.api-sports.io/football/leagues/407.png,,
408,Premiership,Northern-Ireland,https://media.api-sports.io/football/leagues/408.png,,
211,First NL,Croatia,https://media.api-sports.io/football/leagues/211.png,,
382,Liga Leumit,Israel,https://media.api-sports.io/football/leagues/382.png,,
338,Primera Division,Guatemala,https://media.api-sports.io/football/leagues/338.png,,
528,Community Shield,England,https://media.api-sports.io/football/leagues/528.png,,
147,Cup,Belgium,https://media.api-sports.io/football/leagues/147.png,,
1065,U19 League,Ukraine,https://media.api-sports.io/football/leagues/1065.png,,
18,AFC Cup,World,https://media.api-sports.io/football/leagues/18.png,,
308,Division 1,Saudi-Arabia,https://media.api-sports.io/football/leagues/308.png,,
349,3. liga - MSFL,Czech-Republic,https://media.api-sports.io/football/leagues/349.png,,
348,3. liga - CFL A,Czech-Republic,https://media.api-sports.io/football/leagues/348.png,,
685,3. liga - CFL B,Czech-Republic,https://media.api-sports.io/football/leagues/685.png,,
638,Kvindeliga,Denmark,https://media.api-sports.io/football/leagues/638.png,,
852,Super Cup,Cyprus,https://media.api-sports.io/football/leagues/852.png,,
209,Schweizer Cup,Switzerland,https://media.api-sports.io/football/leagues/209.png,,
135,Serie A,Italy,https://media.api-sports.io/football/leagues/135.png,,
78,Bundesliga,Germany,https://media.api-sports.io/football/leagues/78.png,,
318,1. Division,Cyprus,https://media.api-sports.io/football/leagues/318.png,,
668,1. Liga U19,Czech-Republic,https://media.api-sports.io/football/leagues/668.png,,
686,4. liga - Divizie F,Czech-Republic,https://media.api-sports.io/football/leagues/686.png,,
354,4. liga - Divizie E,Czech-Republic,https://media.api-sports.io/football/leagues/354.png,,
353,4. liga - Divizie D,Czech-Republic,https://media.api-sports.io/football/leagues/353.png,,
352,4. liga - Divizie C,Czech-Republic,https://media.api-sports.io/football/leagues/352.png,,
351,4. liga - Divizie B,Czech-Republic,https://media.api-sports.io/football/leagues/351.png,,
350,4. liga - Divizie A,Czech-Republic,https://media.api-sports.io/football/leagues/350.png,,
730,Football League - Highland League,Scotland,https://media.api-sports.io/football/leagues/730.png,,
236,First League,Russia,https://media.api-sports.io/football/leagues/236.png,,
79,2. Bundesliga,Germany,https://media.api-sports.io/football/leagues/79.png,,
315,Premijer Liga,Bosnia,https://media.api-sports.io/football/leagues/315.png,,
393,Premier League,Malta,https://media.api-sports.io/football/leagues/393.png,,
487,First Amateur Division,Belgium,https://media.api-sports.io/football/leagues/487.png,,
223,Regionalliga - West,Austria,https://media.api-sports.io/football/leagues/223.png,,
222,Regionalliga - Mitte,Austria,https://media.api-sports.io/football/leagues/222.png,,
221,Regionalliga - Ost,Austria,https://media.api-sports.io/football/leagues/221.png,,
347,Cup,Czech-Republic,https://media.api-sports.io/football/leagues/347.png,,
526,Trophée des Champions,France,https://media.api-sports.io/football/leagues/526.png,,
891,Coppa Italia Serie C,Italy,https://media.api-sports.io/football/leagues/891.png,,
817,Super Cup Primavera,Italy,https://media.api-sports.io/football/leagues/817.png,,
946,Second NL,Croatia,https://media.api-sports.io/football/leagues/946.png,,
525,UEFA Champions League Women,World,https://media.api-sports.io/football/leagues/525.png,,
510,1. Liga Promotion,Switzerland,https://media.api-sports.io/football/leagues/510.png,,
121,DBU Pokalen,Denmark,https://media.api-sports.io/football/leagues/121.png,,
127,Denmark Series - Group 4,Denmark,https://media.api-sports.io/football/leagues/127.png,,
126,Denmark Series - Group 3,Denmark,https://media.api-sports.io/football/leagues/126.png,,
125,Denmark Series - Group 2,Denmark,https://media.api-sports.io/football/leagues/125.png,,
124,Denmark Series - Group 1,Denmark,https://media.api-sports.io/football/leagues/124.png,,
799,2. Liga Interregional - Group 4,Switzerland,https://media.api-sports.io/football/leagues/799.png,,
798,2. Liga Interregional - Group 3,Switzerland,https://media.api-sports.io/football/leagues/798.png,,
797,2. Liga Interregional - Group 2,Switzerland,https://media.api-sports.io/football/leagues/797.png,,
796,2. Liga Interregional - Group 1,Switzerland,https://media.api-sports.io/football/leagues/796.png,,
1126,Esiliiga B,Estonia,https://media.api-sports.io/football/leagues/1126.png,,
1127,Chatham Cup,New-Zealand,https://media.api-sports.io/football/leagues/1127.png,,
783,III Liga - Group 4,Poland,https://media.api-sports.io/football/leagues/783.png,,
782,III Liga - Group 3,Poland,https://media.api-sports.io/football/leagues/782.png,,
781,III Liga - Group 2,Poland,https://media.api-sports.io/football/leagues/781.png,,
780,III Liga - Group 1,Poland,https://media.api-sports.io/football/leagues/780.png,,
261,National Division,Luxembourg,https://media.api-sports.io/football/leagues/261.png,,
305,Stars League,Qatar,https://media.api-sports.io/football/leagues/305.png,,
95,Segunda Liga,Portugal,https://media.api-sports.io/football/leagues/95.png,,
94,Primeira Liga,Portugal,https://media.api-sports.io/football/leagues/94.png,,
301,Pro League,United-Arab-Emirates,https://media.api-sports.io/football/leagues/301.png,,
137,Coppa Italia,Italy,https://media.api-sports.io/football/leagues/137.png,,
45,FA Cup,England,https://media.api-sports.io/football/leagues/45.png,,
739,AXA Women’s Super League,Switzerland,https://media.api-sports.io/football/leagues/739.png,,
704,Coppa Italia Primavera,Italy,https://media.api-sports.io/football/leagues/704.png,,
182,Challenge Cup,Scotland,https://media.api-sports.io/football/leagues/182.png,,
272,NB II,Hungary,https://media.api-sports.io/football/leagues/272.png,,
285,Cupa României,Romania,https://media.api-sports.io/football/leagues/285.png,,
731,Football League - Lowland League,Scotland,https://media.api-sports.io/football/leagues/731.png,,
148,Second Amateur Division - ACFF,Belgium,https://media.api-sports.io/football/leagues/148.png,,
149,Second Amateur Division - VFV A,Belgium,https://media.api-sports.io/football/leagues/149.png,,
150,Second Amateur Division - VFV B,Belgium,https://media.api-sports.io/football/leagues/150.png,,
47,FA Trophy,England,https://media.api-sports.io/football/leagues/47.png,,
136,Serie B,Italy,https://media.api-sports.io/football/leagues/136.png,,
599,1. Liga Classic - Group 1,Switzerland,https://media.api-sports.io/football/leagues/599.png,,
600,1. Liga Classic - Group 2,Switzerland,https://media.api-sports.io/football/leagues/600.png,,
601,1. Liga Classic - Group 3,Switzerland,https://media.api-sports.io/football/leagues/601.png,,
151,Third Amateur Division - VFV A,Belgium,https://media.api-sports.io/football/leagues/151.png,,
152,Third Amateur Division - VFV B,Belgium,https://media.api-sports.io/football/leagues/152.png,,
689,Third Amateur Division - ACFF A,Belgium,https://media.api-sports.io/football/leagues/689.png,,
690,Third Amateur Division - ACFF B,Belgium,https://media.api-sports.io/football/leagues/690.png,,
80,3. Liga,Germany,https://media.api-sports.io/football/leagues/80.png,,
163,Liga de Ascenso,Costa-Rica,https://media.api-sports.io/football/leagues/163.png,,
